gaceta100.pdf	 76
gaceta101.pdf	 44
gaceta102.pdf	 44
gaceta103.pdf	 40
gaceta104.pdf	 40
gaceta105.pdf	 40
gaceta106.pdf	 61
gaceta107.pdf	 40
gaceta108.pdf	 40
gaceta109.pdf	 40
gaceta110.pdf	 40
gaceta111.pdf	 40
gaceta112.pdf	 65
gaceta113.pdf	 40
gaceta114.pdf	 40
gaceta115.pdf	 40
gaceta116.pdf	 40
gaceta117.pdf	 40
gaceta118.pdf	 65
gaceta119.pdf	 44
gaceta120.pdf	 44
gaceta121.pdf	 44
gaceta122.pdf	 44
gaceta123.pdf	 40
gaceta124.pdf	 65
gaceta125.pdf	 44
gaceta126.pdf	 44
gaceta129.pdf	 44
gaceta130.pdf	 44
gaceta131.pdf	 66
gaceta132.pdf	 44
gaceta133.pdf	 44
gaceta134.pdf	 44
gaceta135.pdf	 44
gaceta136.pdf	 44
gaceta137.pdf	 61
gaceta138.pdf	 44
gaceta139.pdf	 44
gaceta140.pdf	 44
gaceta141.pdf	 44
gaceta142.pdf	 44
gaceta143.pdf	 61
gaceta144.pdf	 44
gaceta145.pdf	 44
gaceta146.pdf	 44
gaceta147.pdf	 44
gaceta148.pdf	 44
gaceta149.pdf	 60
gaceta150.pdf	 44
gaceta151.pdf	 48
gaceta153.pdf	 44
gaceta154.pdf	 44
gaceta155.pdf	 44
gaceta156.pdf	 64
gaceta157.pdf	 44
gaceta158.pdf	 44
gaceta159.pdf	 44
gaceta160.pdf	 44
gaceta161.pdf	 44
gaceta162.pdf	 60
gaceta163.pdf	 44
gaceta164.pdf	 44
gaceta165.pdf	 44
gaceta166.pdf	 44
gaceta167.pdf	 44
gaceta168.pdf	 65
gaceta170.pdf	 44
gaceta171.pdf	 44
gaceta172.pdf	 44
gaceta173.pdf	 48
gaceta175.pdf	 44
gaceta176.pdf	 64
gaceta178.pdf	 44
gaceta179.pdf	 44
gaceta180.pdf	 44
gaceta181.pdf	 65
gaceta182.pdf	 44
gaceta183.pdf	 48
gaceta184.pdf	 44
gaceta185.pdf	 44
gaceta187.pdf	 68
gaceta188.pdf	 44
gaceta189.pdf	 44
gaceta192.pdf	 44
gaceta193.pdf	 44
gaceta194.pdf	 64
gaceta195.pdf	 44
gaceta196.pdf	 44
gaceta197.pdf	 108
gaceta198.pdf	 48
gaceta199.pdf	 48
gaceta202.pdf	 60
gaceta203.pdf	 112
gaceta205.pdf	 48
gaceta206.pdf	 44
gaceta207.pdf	 64
gaceta208.pdf	 44
gaceta209.pdf	 44
gaceta210.pdf	 100
gaceta211.pdf	 44
gaceta212.pdf	 44
gaceta213.pdf	 64
gaceta214.pdf	 48
gaceta215.pdf	 48
gaceta219.pdf	 64
gaceta220.pdf	 48
gaceta222.pdf	 100
gaceta224.pdf	 48
gaceta226.pdf	 44
gaceta227.pdf	 60
gaceta228.pdf	 49
gaceta229.pdf	 44
gaceta230.pdf	 44
gaceta231.pdf	 60
gaceta232.pdf	 44
gaceta233.pdf	 44
gaceta234.pdf	 92
gaceta235.pdf	 44
gaceta236.pdf	 44
gaceta237.pdf	 60
gaceta238.pdf	 44
gaceta239.pdf	 44
gaceta240.pdf	 100
gaceta241.pdf	 44
gaceta242.pdf	 44
gaceta243.pdf	 60
gaceta244.pdf	 44
gaceta245.pdf	 44
gaceta246.pdf	 36
gaceta247.pdf	 44
gaceta248.pdf	 44
gaceta249.pdf	 64
gaceta250.pdf	 44
gaceta251.pdf	 56
gaceta252.pdf	 116
gaceta253.pdf	 44
gaceta254.pdf	 48
gaceta255.pdf	 64
gaceta256.pdf	 44
gaceta257.pdf	 44
gaceta258.pdf	 108
gaceta259.pdf	 44
gaceta260.pdf	 48
gaceta261.pdf	 64
gaceta262.pdf	 48
gaceta263.pdf	 48
gaceta264.pdf	 108
gaceta265.pdf	 48
gaceta266.pdf	 48
gaceta267.pdf	 68
gaceta268.pdf	 48
gaceta269.pdf	 44
gaceta270.pdf	 108
gaceta271.pdf	 44
gaceta272.pdf	 52
gaceta273.pdf	 72
gaceta274.pdf	 56
gaceta275.pdf	 60
gaceta276.pdf	 116
gaceta277.pdf	 44
gaceta278.pdf	 52
gaceta279.pdf	 76
gaceta280.pdf	 48
gaceta281.pdf	 113
gaceta282.pdf	 1
gaceta283.pdf	 56
gaceta284.pdf	 56
gaceta285.pdf	 84
gaceta286.pdf	 52
gaceta287.pdf	 52
gaceta288.pdf	 108
gaceta289.pdf	 52
gaceta290.pdf	 52
gaceta291.pdf	 88
gaceta292.pdf	 52
gaceta293.pdf	 56
gaceta294.pdf	 112
gaceta295.pdf	 56
gaceta296.pdf	 56
gaceta297.pdf	 96
gaceta298.pdf	 52
gaceta299.pdf	 64
gaceta300.pdf	 124
gaceta301.pdf	 48
gaceta302.pdf	 60
gaceta44.pdf	 82
gaceta51.pdf	 94
gaceta52.pdf	 92
gaceta58.pdf	 100
gaceta59.pdf	 92
gaceta81.pdf	 40
gaceta84.pdf	 40
gaceta85.pdf	 40
gaceta87.pdf	 78
gaceta90.pdf	 40
gaceta91.pdf	 40
gaceta92.pdf	 40
gaceta93.pdf	 40
gaceta94.pdf	 40
gaceta95.pdf	 40
gaceta96.pdf	 40
gaceta97.pdf	 40
gaceta98.pdf	 40
gaceta99.pdf	 32 